problema,fecha,perc,rank,str_perc
Falta de empleo,Jul 2004 - Dec 2004,54.95,1,55 %
Pobreza,Jul 2004 - Dec 2004,42.583333333333336,2,42.6 %
Corrupción,Jul 2004 - Dec 2004,16.45,3,16.4 %
Falta de credibilidad del gobierno,Jul 2004 - Dec 2004,12.716666666666667,4,12.7 %
Falta de apoyo a la agricultura,Jul 2004 - Dec 2004,10.85,5,10.8 %
Falta de empleo,Aug 2004 - Jan 2005,55.416666666666664,1,55.4 %
Pobreza,Aug 2004 - Jan 2005,43.416666666666664,2,43.4 %
Corrupción,Aug 2004 - Jan 2005,16.916666666666668,3,16.9 %
Falta de credibilidad del gobierno,Aug 2004 - Jan 2005,11.9,4,11.9 %
Falta de apoyo a la agricultura,Aug 2004 - Jan 2005,10.633333333333333,5,10.6 %
Falta de empleo,Sep 2004 - Feb 2005,55.8,1,55.8 %
Pobreza,Sep 2004 - Feb 2005,43.25,2,43.2 %
Corrupción,Sep 2004 - Feb 2005,18.05,3,18.1 %
Falta de credibilidad del gobierno,Sep 2004 - Feb 2005,11.6,4,11.6 %
Falta de apoyo a la agricultura,Sep 2004 - Feb 2005,11.15,5,11.2 %
Falta de empleo,Oct 2004 - Mar 2005,55.83333333333333,1,55.8 %
Pobreza,Oct 2004 - Mar 2005,43.18333333333334,2,43.2 %
Corrupción,Oct 2004 - Mar 2005,19.583333333333332,3,19.6 %
Falta de credibilidad del gobierno,Oct 2004 - Mar 2005,11.25,4,11.2 %
Falta de apoyo a la agricultura,Oct 2004 - Mar 2005,10.716666666666667,5,10.7 %
Falta de empleo,Nov 2004 - Apr 2005,55.416666666666664,1,55.4 %
Pobreza,Nov 2004 - Apr 2005,43.65,2,43.6 %
Corrupción,Nov 2004 - Apr 2005,20.7,3,20.7 %
Falta de apoyo a la agricultura,Nov 2004 - Apr 2005,10.8,4,10.8 %
Bajos sueldos,Nov 2004 - Apr 2005,10.633333333333333,5,10.6 %
Falta de empleo,Dec 2004 - May 2005,55.733333333333334,1,55.7 %
Pobreza,Dec 2004 - May 2005,44.1,2,44.1 %
Corrupción,Dec 2004 - May 2005,21.866666666666667,3,21.9 %
Falta de apoyo a la agricultura,Dec 2004 - May 2005,10.766666666666666,4,10.8 %
Bajos sueldos,Dec 2004 - May 2005,10.666666666666666,5,10.7 %
Falta de empleo,Jan 2005 - Jun 2005,56.71666666666667,1,56.7 %
Pobreza,Jan 2005 - Jun 2005,43.86666666666667,2,43.9 %
Corrupción,Jan 2005 - Jun 2005,21.833333333333332,3,21.8 %
Falta de credibilidad del gobierno,Jan 2005 - Jun 2005,10.75,4,10.8 %
Bajos sueldos,Jan 2005 - Jun 2005,10.483333333333334,5,10.5 %
Falta de empleo,Feb 2005 - Jul 2005,56.416666666666664,1,56.4 %
Pobreza,Feb 2005 - Jul 2005,43.4,2,43.4 %
Corrupción,Feb 2005 - Jul 2005,23.1,3,23.1 %
Falta de credibilidad del gobierno,Feb 2005 - Jul 2005,10.816666666666666,4,10.8 %
Falta de apoyo a la agricultura,Feb 2005 - Jul 2005,10.583333333333334,5,10.6 %
Falta de empleo,Mar 2005 - Aug 2005,55.983333333333334,1,56 %
Pobreza,Mar 2005 - Aug 2005,43.5,2,43.5 %
Corrupción,Mar 2005 - Aug 2005,22.2,3,22.2 %
Falta de credibilidad del gobierno,Mar 2005 - Aug 2005,10.933333333333334,4,10.9 %
Bajos sueldos,Mar 2005 - Aug 2005,10.65,5,10.7 %
Falta de empleo,Apr 2005 - Sep 2005,56.31666666666666,1,56.3 %
Pobreza,Apr 2005 - Sep 2005,42.43333333333333,2,42.4 %
Corrupción,Apr 2005 - Sep 2005,21,3,21 %
Falta de credibilidad del gobierno,Apr 2005 - Sep 2005,11.333333333333334,4,11.3 %
Bajos sueldos,Apr 2005 - Sep 2005,11.016666666666666,5,11 %
Falta de empleo,May 2005 - Oct 2005,56.416666666666664,1,56.4 %
Pobreza,May 2005 - Oct 2005,42.666666666666664,2,42.7 %
Corrupción,May 2005 - Oct 2005,20.28333333333333,3,20.3 %
Bajos sueldos,May 2005 - Oct 2005,11.633333333333333,4,11.6 %
Falta de credibilidad del gobierno,May 2005 - Oct 2005,11.4,5,11.4 %
Falta de empleo,Jun 2005 - Nov 2005,55.766666666666666,1,55.8 %
Pobreza,Jun 2005 - Nov 2005,43.43333333333333,2,43.4 %
Corrupción,Jun 2005 - Nov 2005,20.066666666666666,3,20.1 %
Bajos sueldos,Jun 2005 - Nov 2005,11.816666666666666,4,11.8 %
Falta de apoyo a la agricultura,Jun 2005 - Nov 2005,11,5,11 %
Falta de empleo,Jul 2005 - Dec 2005,54.983333333333334,1,55 %
Pobreza,Jul 2005 - Dec 2005,44.63333333333333,2,44.6 %
Corrupción,Jul 2005 - Dec 2005,20.883333333333333,3,20.9 %
Bajos sueldos,Jul 2005 - Dec 2005,11.9,4,11.9 %
Falta de apoyo a la agricultura,Jul 2005 - Dec 2005,11.35,5,11.3 %
Falta de empleo,Aug 2005 - Jan 2006,54.96666666666667,1,55 %
Pobreza,Aug 2005 - Jan 2006,45,2,45 %
Corrupción,Aug 2005 - Jan 2006,19.75,3,19.8 %
Bajos sueldos,Aug 2005 - Jan 2006,11.833333333333334,4,11.8 %
Falta de apoyo a la agricultura,Aug 2005 - Jan 2006,11.45,5,11.4 %
Falta de empleo,Sep 2005 - Feb 2006,54.21666666666667,1,54.2 %
Pobreza,Sep 2005 - Feb 2006,44.85,2,44.9 %
Corrupción,Sep 2005 - Feb 2006,20.1,3,20.1 %
Bajos sueldos,Sep 2005 - Feb 2006,11.883333333333333,4,11.9 %
Falta de apoyo a la agricultura,Sep 2005 - Feb 2006,11.783333333333333,5,11.8 %
Falta de empleo,Oct 2005 - Mar 2006,53.53333333333333,1,53.5 %
Pobreza,Oct 2005 - Mar 2006,45.38333333333333,2,45.4 %
Corrupción,Oct 2005 - Mar 2006,21.433333333333334,3,21.4 %
Falta de apoyo a la agricultura,Oct 2005 - Mar 2006,11.85,4,11.8 %
Bajos sueldos,Oct 2005 - Mar 2006,11.55,5,11.6 %
Falta de empleo,Nov 2005 - Apr 2006,51.63333333333333,1,51.6 %
Pobreza,Nov 2005 - Apr 2006,45.43333333333334,2,45.4 %
Corrupción,Nov 2005 - Apr 2006,21.633333333333333,3,21.6 %
Bajos sueldos,Nov 2005 - Apr 2006,12.283333333333333,4,12.3 %
Falta de apoyo a la agricultura,Nov 2005 - Apr 2006,11.966666666666667,5,12 %
Falta de empleo,Dec 2005 - May 2006,51.43333333333333,1,51.4 %
Pobreza,Dec 2005 - May 2006,45.25,2,45.2 %
Corrupción,Dec 2005 - May 2006,22.083333333333332,3,22.1 %
Bajos sueldos,Dec 2005 - May 2006,12.583333333333334,4,12.6 %
Falta de apoyo a la agricultura,Dec 2005 - May 2006,11.8,5,11.8 %
Falta de empleo,Jan 2006 - Jun 2006,51,1,51 %
Pobreza,Jan 2006 - Jun 2006,43.5,2,43.5 %
Corrupción,Jan 2006 - Jun 2006,21.733333333333334,3,21.7 %
Bajos sueldos,Jan 2006 - Jun 2006,12.383333333333333,4,12.4 %
Falta de apoyo a la agricultura,Jan 2006 - Jun 2006,11.4,5,11.4 %
Falta de empleo,Feb 2006 - Jul 2006,49.11666666666667,1,49.1 %
Pobreza,Feb 2006 - Jul 2006,43.25,2,43.2 %
Corrupción,Feb 2006 - Jul 2006,21.7,3,21.7 %
Proliferación de la delincuencia,Feb 2006 - Jul 2006,11.616666666666667,4,11.6 %
Falta de apoyo a la agricultura,Feb 2006 - Jul 2006,11.583333333333334,5,11.6 %
Falta de empleo,Mar 2006 - Aug 2006,48.1,1,48.1 %
Pobreza,Mar 2006 - Aug 2006,43.6,2,43.6 %
Corrupción,Mar 2006 - Aug 2006,21.45,3,21.4 %
Proliferación de la delincuencia,Mar 2006 - Aug 2006,12.75,4,12.8 %
Mala calidad de la educación estatal,Mar 2006 - Aug 2006,11.566666666666666,5,11.6 %
Falta de empleo,Apr 2006 - Sep 2006,47.1,1,47.1 %
Pobreza,Apr 2006 - Sep 2006,43.66666666666667,2,43.7 %
Corrupción,Apr 2006 - Sep 2006,21.066666666666666,3,21.1 %
Proliferación de la delincuencia,Apr 2006 - Sep 2006,14.066666666666666,4,14.1 %
Mala calidad de la educación estatal,Apr 2006 - Sep 2006,12.716666666666667,5,12.7 %
Falta de empleo,May 2006 - Oct 2006,47.5,1,47.5 %
Pobreza,May 2006 - Oct 2006,43.3,2,43.3 %
Corrupción,May 2006 - Oct 2006,21.21666666666667,3,21.2 %
Proliferación de la delincuencia,May 2006 - Oct 2006,15.666666666666668,4,15.7 %
Mala calidad de la educación estatal,May 2006 - Oct 2006,13.816666666666666,5,13.8 %
Falta de empleo,Jun 2006 - Nov 2006,46.43333333333334,1,46.4 %
Pobreza,Jun 2006 - Nov 2006,42.3,2,42.3 %
Corrupción,Jun 2006 - Nov 2006,20.516666666666666,3,20.5 %
Proliferación de la delincuencia,Jun 2006 - Nov 2006,17.183333333333334,4,17.2 %
Mala calidad de la educación estatal,Jun 2006 - Nov 2006,14.016666666666667,5,14 %
Falta de empleo,Jul 2006 - Dec 2006,46.03333333333333,1,46 %
Pobreza,Jul 2006 - Dec 2006,42.75,2,42.8 %
Corrupción,Jul 2006 - Dec 2006,20.666666666666668,3,20.7 %
Proliferación de la delincuencia,Jul 2006 - Dec 2006,18.066666666666666,4,18.1 %
Mala calidad de la educación estatal,Jul 2006 - Dec 2006,15.333333333333334,5,15.3 %
Falta de empleo,Aug 2006 - Jan 2007,46.15,1,46.1 %
Pobreza,Aug 2006 - Jan 2007,43.2,2,43.2 %
Corrupción,Aug 2006 - Jan 2007,21.016666666666666,3,21 %
Proliferación de la delincuencia,Aug 2006 - Jan 2007,18.54,4,18.5 %
Falta de seguridad ciudadana,Aug 2006 - Jan 2007,15.7,5,15.7 %
Falta de empleo,Sep 2006 - Feb 2007,46,1,46 %
Pobreza,Sep 2006 - Feb 2007,42.9,2,42.9 %
Corrupción,Sep 2006 - Feb 2007,21.316666666666666,3,21.3 %
Proliferación de la delincuencia,Sep 2006 - Feb 2007,18.65,4,18.6 %
Mala calidad de la educación estatal,Sep 2006 - Feb 2007,15.133333333333333,5,15.1 %
Falta de empleo,Oct 2006 - Mar 2007,45.53333333333333,1,45.5 %
Pobreza,Oct 2006 - Mar 2007,43.016666666666666,2,43 %
Corrupción,Oct 2006 - Mar 2007,20.95,3,20.9 %
Proliferación de la delincuencia,Oct 2006 - Mar 2007,19.433333333333334,4,19.4 %
Mala calidad de la educación estatal,Oct 2006 - Mar 2007,14.916666666666666,5,14.9 %
Falta de empleo,Nov 2006 - Apr 2007,45.43333333333333,1,45.4 %
Pobreza,Nov 2006 - Apr 2007,43.733333333333334,2,43.7 %
Corrupción,Nov 2006 - Apr 2007,21.016666666666666,3,21 %
Proliferación de la delincuencia,Nov 2006 - Apr 2007,19.4,4,19.4 %
Mala calidad de la educación estatal,Nov 2006 - Apr 2007,14.533333333333333,5,14.5 %
Falta de empleo,Dec 2006 - May 2007,45.166666666666664,1,45.2 %
Pobreza,Dec 2006 - May 2007,43.93333333333333,2,43.9 %
Corrupción,Dec 2006 - May 2007,20.983333333333334,3,21 %
Proliferación de la delincuencia,Dec 2006 - May 2007,18.8,4,18.8 %
Mala calidad de la educación estatal,Dec 2006 - May 2007,15.016666666666666,5,15 %
Falta de empleo,Jan 2007 - Jun 2007,44.21666666666667,1,44.2 %
Pobreza,Jan 2007 - Jun 2007,43.86666666666667,2,43.9 %
Corrupción,Jan 2007 - Jun 2007,20.35,3,20.4 %
Otro,Jan 2007 - Jun 2007,15.233333333333333,4,15.2 %
Mala calidad de la educación estatal,Jan 2007 - Jun 2007,13.816666666666666,5,13.8 %
Falta de empleo,Feb 2007 - Jul 2007,43.28333333333333,1,43.3 %
Pobreza,Feb 2007 - Jul 2007,43.03333333333333,2,43 %
Corrupción,Feb 2007 - Jul 2007,19.316666666666666,3,19.3 %
Otro,Feb 2007 - Jul 2007,16.316666666666666,4,16.3 %
Mala calidad de la educación estatal,Feb 2007 - Jul 2007,14.166666666666666,5,14.2 %
Pobreza,Mar 2007 - Aug 2007,42.9,1,42.9 %
Falta de empleo,Mar 2007 - Aug 2007,42.21666666666667,2,42.2 %
Corrupción,Mar 2007 - Aug 2007,18.683333333333334,3,18.7 %
Otro,Mar 2007 - Aug 2007,17.666666666666668,4,17.7 %
Mala calidad de la educación estatal,Mar 2007 - Aug 2007,13.833333333333334,5,13.8 %
Pobreza,Apr 2007 - Sep 2007,42.18333333333333,1,42.2 %
Falta de empleo,Apr 2007 - Sep 2007,41.666666666666664,2,41.7 %
Corrupción,Apr 2007 - Sep 2007,18.316666666666666,3,18.3 %
Otro,Apr 2007 - Sep 2007,18.133333333333333,4,18.1 %
Mala calidad de la educación estatal,Apr 2007 - Sep 2007,14.016666666666666,5,14 %
Pobreza,May 2007 - Oct 2007,40.96666666666667,1,41 %
Falta de empleo,May 2007 - Oct 2007,40.43333333333334,2,40.4 %
Otro,May 2007 - Oct 2007,19.71666666666667,3,19.7 %
Corrupción,May 2007 - Oct 2007,17.666666666666668,4,17.7 %
Mala calidad de la educación estatal,May 2007 - Oct 2007,14.033333333333333,5,14 %
Pobreza,Jun 2007 - Nov 2007,40.233333333333334,1,40.2 %
Falta de empleo,Jun 2007 - Nov 2007,40.18333333333334,2,40.2 %
Otro,Jun 2007 - Nov 2007,20.35,3,20.4 %
Corrupción,Jun 2007 - Nov 2007,17.433333333333334,4,17.4 %
Mala calidad de la educación estatal,Jun 2007 - Nov 2007,13.75,5,13.8 %
Falta de empleo,Jul 2007 - Dec 2007,39.86666666666667,1,39.9 %
Pobreza,Jul 2007 - Dec 2007,39.56666666666666,2,39.6 %
Otro,Jul 2007 - Dec 2007,20.616666666666667,3,20.6 %
Corrupción,Jul 2007 - Dec 2007,17.4,4,17.4 %
Mala calidad de la educación estatal,Jul 2007 - Dec 2007,13.916666666666666,5,13.9 %
Falta de empleo,Aug 2007 - Jan 2008,39.18333333333334,1,39.2 %
Pobreza,Aug 2007 - Jan 2008,38.65,2,38.6 %
Otro,Aug 2007 - Jan 2008,21.283333333333335,3,21.3 %
Corrupción,Aug 2007 - Jan 2008,17.7,4,17.7 %
Bajos sueldos,Aug 2007 - Jan 2008,13.966666666666667,5,14 %
Falta de empleo,Sep 2007 - Feb 2008,38.550000000000004,1,38.6 %
Pobreza,Sep 2007 - Feb 2008,37.36666666666667,2,37.4 %
Otro,Sep 2007 - Feb 2008,21.5,3,21.5 %
Corrupción,Sep 2007 - Feb 2008,18.133333333333333,4,18.1 %
Bajos sueldos,Sep 2007 - Feb 2008,14.883333333333333,5,14.9 %
Falta de empleo,Oct 2007 - Mar 2008,37.266666666666666,1,37.3 %
Pobreza,Oct 2007 - Mar 2008,36.38333333333333,2,36.4 %
Otro,Oct 2007 - Mar 2008,22.016666666666666,3,22 %
Corrupción,Oct 2007 - Mar 2008,17.7,4,17.7 %
Bajos sueldos,Oct 2007 - Mar 2008,16.916666666666668,5,16.9 %
Falta de empleo,Nov 2007 - Apr 2008,36.18333333333334,1,36.2 %
Pobreza,Nov 2007 - Apr 2008,35.86666666666667,2,35.9 %
Otro,Nov 2007 - Apr 2008,21.666666666666668,3,21.7 %
Bajos sueldos,Nov 2007 - Apr 2008,19.7,4,19.7 %
Corrupción,Nov 2007 - Apr 2008,17.7,5,17.7 %
Pobreza,Dec 2007 - May 2008,35.699999999999996,1,35.7 %
Falta de empleo,Dec 2007 - May 2008,35.1,2,35.1 %
Bajos sueldos,Dec 2007 - May 2008,23.3,3,23.3 %
Otro,Dec 2007 - May 2008,21.683333333333334,4,21.7 %
Corrupción,Dec 2007 - May 2008,17.233333333333334,5,17.2 %
Pobreza,Jan 2008 - Jun 2008,36.31666666666666,1,36.3 %
Falta de empleo,Jan 2008 - Jun 2008,33.583333333333336,2,33.6 %
Bajos sueldos,Jan 2008 - Jun 2008,25.95,3,25.9 %
Otro,Jan 2008 - Jun 2008,22,4,22 %
Corrupción,Jan 2008 - Jun 2008,16.733333333333334,5,16.7 %
Pobreza,Feb 2008 - Jul 2008,37.38333333333333,1,37.4 %
Falta de empleo,Feb 2008 - Jul 2008,32.61666666666667,2,32.6 %
Bajos sueldos,Feb 2008 - Jul 2008,29.1,3,29.1 %
Otro,Feb 2008 - Jul 2008,21.933333333333334,4,21.9 %
Corrupción,Feb 2008 - Jul 2008,16.316666666666666,5,16.3 %
Pobreza,Mar 2008 - Aug 2008,37.85,1,37.9 %
Bajos sueldos,Mar 2008 - Aug 2008,33.266666666666666,2,33.3 %
Falta de empleo,Mar 2008 - Aug 2008,31.666666666666668,3,31.7 %
Otro,Mar 2008 - Aug 2008,22.4,4,22.4 %
Corrupción,Mar 2008 - Aug 2008,16.233333333333334,5,16.2 %
Pobreza,Apr 2008 - Sep 2008,38.56666666666667,1,38.6 %
Bajos sueldos,Apr 2008 - Sep 2008,36.13333333333333,2,36.1 %
Falta de empleo,Apr 2008 - Sep 2008,31.366666666666667,3,31.4 %
Otro,Apr 2008 - Sep 2008,22.583333333333332,4,22.6 %
Corrupción,Apr 2008 - Sep 2008,16.033333333333335,5,16 %
Pobreza,May 2008 - Oct 2008,38.7,1,38.7 %
Bajos sueldos,May 2008 - Oct 2008,37.56666666666667,2,37.6 %
Falta de empleo,May 2008 - Oct 2008,30.816666666666666,3,30.8 %
Otro,May 2008 - Oct 2008,23.133333333333333,4,23.1 %
Corrupción,May 2008 - Oct 2008,16.833333333333336,5,16.8 %
Pobreza,Jun 2008 - Nov 2008,38.66666666666667,1,38.7 %
Bajos sueldos,Jun 2008 - Nov 2008,38.166666666666664,2,38.2 %
Falta de empleo,Jun 2008 - Nov 2008,29.95,3,29.9 %
Otro,Jun 2008 - Nov 2008,23.1,4,23.1 %
Corrupción,Jun 2008 - Nov 2008,18.066666666666666,5,18.1 %
Bajos sueldos,Jul 2008 - Dec 2008,38.916666666666664,1,38.9 %
Pobreza,Jul 2008 - Dec 2008,37.733333333333334,2,37.7 %
Falta de empleo,Jul 2008 - Dec 2008,30.766666666666666,3,30.8 %
Otro,Jul 2008 - Dec 2008,23.333333333333332,4,23.3 %
Corrupción,Jul 2008 - Dec 2008,19.05,5,19.1 %
Bajos sueldos,Aug 2008 - Jan 2009,38.166666666666664,1,38.2 %
Pobreza,Aug 2008 - Jan 2009,37.06666666666667,2,37.1 %
Falta de empleo,Aug 2008 - Jan 2009,31.133333333333333,3,31.1 %
Otro,Aug 2008 - Jan 2009,23.3,4,23.3 %
Corrupción,Aug 2008 - Jan 2009,20.033333333333335,5,20 %
Pobreza,Sep 2008 - Feb 2009,37.53333333333333,1,37.5 %
Bajos sueldos,Sep 2008 - Feb 2009,34.96666666666667,2,35 %
Falta de empleo,Sep 2008 - Feb 2009,31.866666666666667,3,31.9 %
Otro,Sep 2008 - Feb 2009,23.2,4,23.2 %
Corrupción,Sep 2008 - Feb 2009,20.8,5,20.8 %
Pobreza,Oct 2008 - Mar 2009,38.03333333333333,1,38 %
Falta de empleo,Oct 2008 - Mar 2009,32.6,2,32.6 %
Bajos sueldos,Oct 2008 - Mar 2009,32.06666666666667,3,32.1 %
Otro,Oct 2008 - Mar 2009,23.35,4,23.4 %
Corrupción,Oct 2008 - Mar 2009,22.1,5,22.1 %
Pobreza,Nov 2008 - Apr 2009,39.16666666666667,1,39.2 %
Falta de empleo,Nov 2008 - Apr 2009,34.11666666666667,2,34.1 %
Bajos sueldos,Nov 2008 - Apr 2009,28.45,3,28.4 %
Otro,Nov 2008 - Apr 2009,23.233333333333334,4,23.2 %
Corrupción,Nov 2008 - Apr 2009,21.316666666666666,5,21.3 %
Pobreza,Dec 2008 - May 2009,39.833333333333336,1,39.8 %
Falta de empleo,Dec 2008 - May 2009,36.05,2,36 %
Bajos sueldos,Dec 2008 - May 2009,25.733333333333334,3,25.7 %
Otro,Dec 2008 - May 2009,24.433333333333334,4,24.4 %
Corrupción,Dec 2008 - May 2009,20.55,5,20.6 %
Pobreza,Jan 2009 - Jun 2009,40.68333333333334,1,40.7 %
Falta de empleo,Jan 2009 - Jun 2009,35.46666666666667,2,35.5 %
Otro,Jan 2009 - Jun 2009,25.483333333333334,3,25.5 %
Bajos sueldos,Jan 2009 - Jun 2009,22.866666666666667,4,22.9 %
Corrupción,Jan 2009 - Jun 2009,19.966666666666665,5,20 %
Pobreza,Feb 2009 - Jul 2009,41.6,1,41.6 %
Falta de empleo,Feb 2009 - Jul 2009,35.416666666666664,2,35.4 %
Otro,Feb 2009 - Jul 2009,26.416666666666668,3,26.4 %
Bajos sueldos,Feb 2009 - Jul 2009,20.666666666666668,4,20.7 %
Corrupción,Feb 2009 - Jul 2009,20.15,5,20.1 %
Pobreza,Mar 2009 - Aug 2009,42.41666666666667,1,42.4 %
Falta de empleo,Mar 2009 - Aug 2009,35.28333333333333,2,35.3 %
Otro,Mar 2009 - Aug 2009,26.733333333333334,3,26.7 %
Corrupción,Mar 2009 - Aug 2009,20.516666666666666,4,20.5 %
Bajos sueldos,Mar 2009 - Aug 2009,19.566666666666666,5,19.6 %
Pobreza,Apr 2009 - Sep 2009,42.733333333333334,1,42.7 %
Falta de empleo,Apr 2009 - Sep 2009,34.416666666666664,2,34.4 %
Otro,Apr 2009 - Sep 2009,27.15,3,27.1 %
Corrupción,Apr 2009 - Sep 2009,20.433333333333334,4,20.4 %
Bajos sueldos,Apr 2009 - Sep 2009,18.233333333333334,5,18.2 %
Pobreza,May 2009 - Oct 2009,42.13333333333333,1,42.1 %
Falta de empleo,May 2009 - Oct 2009,33.333333333333336,2,33.3 %
Otro,May 2009 - Oct 2009,28.616666666666667,3,28.6 %
Corrupción,May 2009 - Oct 2009,21.3,4,21.3 %
Bajos sueldos,May 2009 - Oct 2009,16.966666666666665,5,17 %
Pobreza,Jun 2009 - Nov 2009,40.983333333333334,1,41 %
Falta de empleo,Jun 2009 - Nov 2009,32.05,2,32 %
Otro,Jun 2009 - Nov 2009,28.483333333333334,3,28.5 %
Corrupción,Jun 2009 - Nov 2009,21.916666666666668,4,21.9 %
Bajos sueldos,Jun 2009 - Nov 2009,15.566666666666666,5,15.6 %
Pobreza,Jul 2009 - Dec 2009,41.43333333333333,1,41.4 %
Falta de empleo,Jul 2009 - Dec 2009,31.816666666666666,2,31.8 %
Otro,Jul 2009 - Dec 2009,28.016666666666666,3,28 %
Corrupción,Jul 2009 - Dec 2009,22.7,4,22.7 %
Bajos sueldos,Jul 2009 - Dec 2009,14.299999999999999,5,14.3 %
Pobreza,Aug 2009 - Jan 2010,40.949999999999996,1,40.9 %
Falta de empleo,Aug 2009 - Jan 2010,31.416666666666664,2,31.4 %
Otro,Aug 2009 - Jan 2010,28.433333333333334,3,28.4 %
Corrupción,Aug 2009 - Jan 2010,22.35,4,22.4 %
Bajos sueldos,Aug 2009 - Jan 2010,13.816666666666666,5,13.8 %
Pobreza,Sep 2009 - Feb 2010,40.449999999999996,1,40.4 %
Falta de empleo,Sep 2009 - Feb 2010,30.8,2,30.8 %
Otro,Sep 2009 - Feb 2010,28.816666666666666,3,28.8 %
Corrupción,Sep 2009 - Feb 2010,22.1,4,22.1 %
Mala calidad de la educación estatal,Sep 2009 - Feb 2010,13.25,5,13.2 %
Pobreza,Oct 2009 - Mar 2010,39.449999999999996,1,39.4 %
Falta de empleo,Oct 2009 - Mar 2010,30.883333333333333,2,30.9 %
Otro,Oct 2009 - Mar 2010,29.3,3,29.3 %
Corrupción,Oct 2009 - Mar 2010,22.15,4,22.1 %
Mala calidad de la educación estatal,Oct 2009 - Mar 2010,13.866666666666667,5,13.9 %
Pobreza,Nov 2009 - Apr 2010,39.03333333333333,1,39 %
Falta de empleo,Nov 2009 - Apr 2010,30.133333333333333,2,30.1 %
Otro,Nov 2009 - Apr 2010,29.116666666666667,3,29.1 %
Corrupción,Nov 2009 - Apr 2010,21.883333333333333,4,21.9 %
Mala calidad de la educación estatal,Nov 2009 - Apr 2010,14.45,5,14.4 %
Pobreza,Dec 2009 - May 2010,39.733333333333334,1,39.7 %
Falta de empleo,Dec 2009 - May 2010,30.2,2,30.2 %
Otro,Dec 2009 - May 2010,29.266666666666666,3,29.3 %
Corrupción,Dec 2009 - May 2010,22.3,4,22.3 %
Mala calidad de la educación estatal,Dec 2009 - May 2010,14.3,5,14.3 %
Pobreza,Jan 2010 - Jun 2010,38.86666666666667,1,38.9 %
Falta de empleo,Jan 2010 - Jun 2010,30.383333333333333,2,30.4 %
Otro,Jan 2010 - Jun 2010,29.983333333333334,3,30 %
Corrupción,Jan 2010 - Jun 2010,22.6,4,22.6 %
Mala calidad de la educación estatal,Jan 2010 - Jun 2010,14.6,5,14.6 %
Pobreza,Feb 2010 - Jul 2010,39.016666666666666,1,39 %
Falta de empleo,Feb 2010 - Jul 2010,29.95,2,29.9 %
Otro,Feb 2010 - Jul 2010,29.833333333333332,3,29.8 %
Corrupción,Feb 2010 - Jul 2010,23.5,4,23.5 %
Mala calidad de la educación estatal,Feb 2010 - Jul 2010,14.866666666666667,5,14.9 %
Pobreza,Mar 2010 - Aug 2010,37.93333333333334,1,37.9 %
Otro,Mar 2010 - Aug 2010,30.53333333333333,2,30.5 %
Falta de empleo,Mar 2010 - Aug 2010,29,3,29 %
Corrupción,Mar 2010 - Aug 2010,23.883333333333333,4,23.9 %
Falta de seguridad ciudadana,Mar 2010 - Aug 2010,15.283333333333333,5,15.3 %
Pobreza,Apr 2010 - Sep 2010,37.96666666666667,1,38 %
Otro,Apr 2010 - Sep 2010,30.6,2,30.6 %
Falta de empleo,Apr 2010 - Sep 2010,28.35,3,28.4 %
Corrupción,Apr 2010 - Sep 2010,24.083333333333332,4,24.1 %
Falta de seguridad ciudadana,Apr 2010 - Sep 2010,15.7,5,15.7 %
Pobreza,May 2010 - Oct 2010,37.7,1,37.7 %
Otro,May 2010 - Oct 2010,30.483333333333334,2,30.5 %
Falta de empleo,May 2010 - Oct 2010,28.516666666666666,3,28.5 %
Corrupción,May 2010 - Oct 2010,24.983333333333334,4,25 %
Falta de seguridad ciudadana,May 2010 - Oct 2010,16.733333333333334,5,16.7 %
Pobreza,Jun 2010 - Nov 2010,36.983333333333334,1,37 %
Otro,Jun 2010 - Nov 2010,30.45,2,30.4 %
Falta de empleo,Jun 2010 - Nov 2010,27.816666666666666,3,27.8 %
Corrupción,Jun 2010 - Nov 2010,24.96666666666667,4,25 %
Falta de seguridad ciudadana,Jun 2010 - Nov 2010,17.566666666666666,5,17.6 %
Pobreza,Jul 2010 - Dec 2010,37.45,1,37.5 %
Otro,Jul 2010 - Dec 2010,30.166666666666668,2,30.2 %
Falta de empleo,Jul 2010 - Dec 2010,27.316666666666666,3,27.3 %
Corrupción,Jul 2010 - Dec 2010,25.033333333333335,4,25 %
Falta de seguridad ciudadana,Jul 2010 - Dec 2010,18.333333333333336,5,18.3 %
Pobreza,Aug 2010 - Jan 2011,36.2,1,36.2 %
Otro,Aug 2010 - Jan 2011,30,2,30 %
Falta de empleo,Aug 2010 - Jan 2011,27.516666666666666,3,27.5 %
Corrupción,Aug 2010 - Jan 2011,25.7,4,25.7 %
Falta de seguridad ciudadana,Aug 2010 - Jan 2011,18.566666666666666,5,18.6 %
Pobreza,Sep 2010 - Feb 2011,36.36666666666667,1,36.4 %
Otro,Sep 2010 - Feb 2011,29.166666666666668,2,29.2 %
Falta de empleo,Sep 2010 - Feb 2011,28.066666666666666,3,28.1 %
Corrupción,Sep 2010 - Feb 2011,25.9,4,25.9 %
Falta de seguridad ciudadana,Sep 2010 - Feb 2011,19.46666666666667,5,19.5 %
Pobreza,Oct 2010 - Mar 2011,37.28333333333333,1,37.3 %
Otro,Oct 2010 - Mar 2011,28.35,2,28.4 %
Falta de empleo,Oct 2010 - Mar 2011,28.216666666666665,3,28.2 %
Corrupción,Oct 2010 - Mar 2011,26.15,4,26.1 %
Falta de seguridad ciudadana,Oct 2010 - Mar 2011,20.3,5,20.3 %
Pobreza,Nov 2010 - Apr 2011,37.86666666666667,1,37.9 %
Falta de empleo,Nov 2010 - Apr 2011,28.78333333333333,2,28.8 %
Otro,Nov 2010 - Apr 2011,27.3,3,27.3 %
Corrupción,Nov 2010 - Apr 2011,26.35,4,26.4 %
Falta de seguridad ciudadana,Nov 2010 - Apr 2011,21.7,5,21.7 %
Pobreza,Dec 2010 - May 2011,38.36666666666667,1,38.4 %
Falta de empleo,Dec 2010 - May 2011,28.1,2,28.1 %
Corrupción,Dec 2010 - May 2011,26.75,3,26.8 %
Otro,Dec 2010 - May 2011,26.71666666666667,4,26.7 %
Falta de seguridad ciudadana,Dec 2010 - May 2011,22.366666666666667,5,22.4 %
Pobreza,Jan 2011 - Jun 2011,38.21666666666667,1,38.2 %
Falta de empleo,Jan 2011 - Jun 2011,28.1,2,28.1 %
Otro,Jan 2011 - Jun 2011,26.6,3,26.6 %
Corrupción,Jan 2011 - Jun 2011,26.55,4,26.6 %
Falta de seguridad ciudadana,Jan 2011 - Jun 2011,22.9,5,22.9 %
Pobreza,Feb 2011 - Jul 2011,39.416666666666664,1,39.4 %
Falta de empleo,Feb 2011 - Jul 2011,27.366666666666667,2,27.4 %
Otro,Feb 2011 - Jul 2011,26.53333333333333,3,26.5 %
Corrupción,Feb 2011 - Jul 2011,25.833333333333332,4,25.8 %
Falta de seguridad ciudadana,Feb 2011 - Jul 2011,23.7,5,23.7 %
Pobreza,Mar 2011 - Aug 2011,40.333333333333336,1,40.3 %
Falta de empleo,Mar 2011 - Aug 2011,26.433333333333334,2,26.4 %
Otro,Mar 2011 - Aug 2011,26.266666666666666,3,26.3 %
Corrupción,Mar 2011 - Aug 2011,25.766666666666666,4,25.8 %
Falta de seguridad ciudadana,Mar 2011 - Aug 2011,24.6,5,24.6 %
Pobreza,Apr 2011 - Sep 2011,39.43333333333334,1,39.4 %
Otro,Apr 2011 - Sep 2011,27.366666666666667,2,27.4 %
Falta de empleo,Apr 2011 - Sep 2011,25.816666666666666,3,25.8 %
Corrupción,Apr 2011 - Sep 2011,25.6,4,25.6 %
Falta de seguridad ciudadana,Apr 2011 - Sep 2011,25.366666666666667,5,25.4 %
Pobreza,May 2011 - Oct 2011,38.833333333333336,1,38.8 %
Otro,May 2011 - Oct 2011,29.03333333333333,2,29 %
Falta de seguridad ciudadana,May 2011 - Oct 2011,25.566666666666666,3,25.6 %
Corrupción,May 2011 - Oct 2011,25.116666666666667,4,25.1 %
Falta de empleo,May 2011 - Oct 2011,24.65,5,24.6 %
Pobreza,Jun 2011 - Nov 2011,38.68333333333333,1,38.7 %
Otro,Jun 2011 - Nov 2011,29.616666666666667,2,29.6 %
Corrupción,Jun 2011 - Nov 2011,25.233333333333334,3,25.2 %
Falta de empleo,Jun 2011 - Nov 2011,25.016666666666666,4,25 %
Falta de seguridad ciudadana,Jun 2011 - Nov 2011,25,5,25 %
Pobreza,Jul 2011 - Dec 2011,37.78333333333333,1,37.8 %
Otro,Jul 2011 - Dec 2011,29.7,2,29.7 %
Corrupción,Jul 2011 - Dec 2011,25.616666666666667,3,25.6 %
Falta de seguridad ciudadana,Jul 2011 - Dec 2011,24.96666666666667,4,25 %
Falta de empleo,Jul 2011 - Dec 2011,23.816666666666666,5,23.8 %
Pobreza,Aug 2011 - Jan 2012,37.6,1,37.6 %
Otro,Aug 2011 - Jan 2012,28.78333333333333,2,28.8 %
Corrupción,Aug 2011 - Jan 2012,25.433333333333334,3,25.4 %
Falta de seguridad ciudadana,Aug 2011 - Jan 2012,24.583333333333332,4,24.6 %
Falta de empleo,Aug 2011 - Jan 2012,24.316666666666666,5,24.3 %
Pobreza,Sep 2011 - Feb 2012,35.766666666666666,1,35.8 %
Otro,Sep 2011 - Feb 2012,28.233333333333334,2,28.2 %
Corrupción,Sep 2011 - Feb 2012,25.45,3,25.4 %
Falta de empleo,Sep 2011 - Feb 2012,24.866666666666667,4,24.9 %
Delincuencia,Sep 2011 - Feb 2012,24.799999999999997,5,24.8 %
Pobreza,Oct 2011 - Mar 2012,35.06666666666666,1,35.1 %
Otro,Oct 2011 - Mar 2012,27.333333333333332,2,27.3 %
Corrupción,Oct 2011 - Mar 2012,25.833333333333332,3,25.8 %
Delincuencia,Oct 2011 - Mar 2012,25.566666666666666,4,25.6 %
Falta de empleo,Oct 2011 - Mar 2012,24.883333333333333,5,24.9 %
Pobreza,Nov 2011 - Apr 2012,36.166666666666664,1,36.2 %
Otro,Nov 2011 - Apr 2012,26.433333333333334,2,26.4 %
Corrupción,Nov 2011 - Apr 2012,26.266666666666666,3,26.3 %
Delincuencia,Nov 2011 - Apr 2012,26.175,4,26.2 %
Falta de empleo,Nov 2011 - Apr 2012,25.1,5,25.1 %
Pobreza,Dec 2011 - May 2012,35.81666666666667,1,35.8 %
Delincuencia,Dec 2011 - May 2012,26.98,2,27 %
Otro,Dec 2011 - May 2012,26.53333333333333,3,26.5 %
Corrupción,Dec 2011 - May 2012,26.266666666666666,4,26.3 %
Falta de empleo,Dec 2011 - May 2012,24.766666666666666,5,24.8 %
Pobreza,Jan 2012 - Jun 2012,36.2,1,36.2 %
Delincuencia,Jan 2012 - Jun 2012,28.316666666666666,2,28.3 %
Otro,Jan 2012 - Jun 2012,27.066666666666666,3,27.1 %
Corrupción,Jan 2012 - Jun 2012,25.883333333333333,4,25.9 %
Falta de empleo,Jan 2012 - Jun 2012,25.283333333333335,5,25.3 %
Pobreza,Feb 2012 - Jul 2012,36.233333333333334,1,36.2 %
Delincuencia,Feb 2012 - Jul 2012,29.85,2,29.9 %
Otro,Feb 2012 - Jul 2012,27.7,3,27.7 %
Corrupción,Feb 2012 - Jul 2012,26.283333333333335,4,26.3 %
Falta de empleo,Feb 2012 - Jul 2012,24.75,5,24.8 %
Pobreza,Mar 2012 - Aug 2012,37.11666666666667,1,37.1 %
Delincuencia,Mar 2012 - Aug 2012,30.65,2,30.6 %
Otro,Mar 2012 - Aug 2012,27.916666666666664,3,27.9 %
Corrupción,Mar 2012 - Aug 2012,26.7,4,26.7 %
Falta de empleo,Mar 2012 - Aug 2012,23.9,5,23.9 %
Pobreza,Apr 2012 - Sep 2012,37.41666666666667,1,37.4 %
Delincuencia,Apr 2012 - Sep 2012,31.433333333333334,2,31.4 %
Otro,Apr 2012 - Sep 2012,27.883333333333333,3,27.9 %
Corrupción,Apr 2012 - Sep 2012,27.383333333333333,4,27.4 %
Falta de empleo,Apr 2012 - Sep 2012,23.366666666666667,5,23.4 %
Pobreza,May 2012 - Oct 2012,35.65,1,35.6 %
Delincuencia,May 2012 - Oct 2012,32.13333333333333,2,32.1 %
Corrupción,May 2012 - Oct 2012,27.5,3,27.5 %
Otro,May 2012 - Oct 2012,27.316666666666666,4,27.3 %
Falta de empleo,May 2012 - Oct 2012,22.45,5,22.4 %
Pobreza,Jun 2012 - Nov 2012,35.45,1,35.5 %
Delincuencia,Jun 2012 - Nov 2012,32.78333333333333,2,32.8 %
Corrupción,Jun 2012 - Nov 2012,27.4,3,27.4 %
Otro,Jun 2012 - Nov 2012,26.616666666666667,4,26.6 %
Falta de empleo,Jun 2012 - Nov 2012,21.766666666666666,5,21.8 %
Pobreza,Jul 2012 - Dec 2012,34.333333333333336,1,34.3 %
Delincuencia,Jul 2012 - Dec 2012,32.800000000000004,2,32.8 %
Corrupción,Jul 2012 - Dec 2012,28.15,3,28.1 %
Otro,Jul 2012 - Dec 2012,25.366666666666667,4,25.4 %
Falta de empleo,Jul 2012 - Dec 2012,21.133333333333333,5,21.1 %
Pobreza,Aug 2012 - Jan 2013,33.983333333333334,1,34 %
Delincuencia,Aug 2012 - Jan 2013,33.5,2,33.5 %
Corrupción,Aug 2012 - Jan 2013,28.916666666666668,3,28.9 %
Otro,Aug 2012 - Jan 2013,24.03333333333333,4,24 %
Falta de empleo,Aug 2012 - Jan 2013,21.05,5,21.1 %
Pobreza,Sep 2012 - Feb 2013,33.9,1,33.9 %
Delincuencia,Sep 2012 - Feb 2013,33.46666666666667,2,33.5 %
Corrupción,Sep 2012 - Feb 2013,29.166666666666668,3,29.2 %
Otro,Sep 2012 - Feb 2013,23.7,4,23.7 %
Falta de empleo,Sep 2012 - Feb 2013,21.78333333333333,5,21.8 %
Delincuencia,Oct 2012 - Mar 2013,34.81666666666667,1,34.8 %
Pobreza,Oct 2012 - Mar 2013,34.083333333333336,2,34.1 %
Corrupción,Oct 2012 - Mar 2013,29.3,3,29.3 %
Otro,Oct 2012 - Mar 2013,22.35,4,22.4 %
Falta de empleo,Oct 2012 - Mar 2013,21.933333333333334,5,21.9 %
Delincuencia,Nov 2012 - Apr 2013,36.2,1,36.2 %
Pobreza,Nov 2012 - Apr 2013,34.75,2,34.8 %
Corrupción,Nov 2012 - Apr 2013,29.3,3,29.3 %
Falta de empleo,Nov 2012 - Apr 2013,21.8,4,21.8 %
Otro,Nov 2012 - Apr 2013,21.53333333333333,5,21.5 %
Delincuencia,Dec 2012 - May 2013,37.4,1,37.4 %
Pobreza,Dec 2012 - May 2013,35.31666666666667,2,35.3 %
Corrupción,Dec 2012 - May 2013,29.566666666666666,3,29.6 %
Falta de empleo,Dec 2012 - May 2013,22.46666666666667,4,22.5 %
Otro,Dec 2012 - May 2013,19.95,5,19.9 %
Delincuencia,Jan 2013 - Jun 2013,38.7,1,38.7 %
Pobreza,Jan 2013 - Jun 2013,36.21666666666667,2,36.2 %
Corrupción,Jan 2013 - Jun 2013,29.78333333333333,3,29.8 %
Falta de empleo,Jan 2013 - Jun 2013,22.616666666666667,4,22.6 %
Falta de seguridad ciudadana,Jan 2013 - Jun 2013,18.7,5,18.7 %
Delincuencia,Feb 2013 - Jul 2013,39.65,1,39.6 %
Pobreza,Feb 2013 - Jul 2013,35.983333333333334,2,36 %
Corrupción,Feb 2013 - Jul 2013,29.2,3,29.2 %
Falta de empleo,Feb 2013 - Jul 2013,22.21666666666667,4,22.2 %
Falta de seguridad ciudadana,Feb 2013 - Jul 2013,19.05,5,19.1 %
Delincuencia,Mar 2013 - Aug 2013,41.016666666666666,1,41 %
Pobreza,Mar 2013 - Aug 2013,34.8,2,34.8 %
Corrupción,Mar 2013 - Aug 2013,29.25,3,29.2 %
Falta de empleo,Mar 2013 - Aug 2013,21.45,4,21.4 %
Falta de seguridad ciudadana,Mar 2013 - Aug 2013,19.6,5,19.6 %
Delincuencia,Apr 2013 - Sep 2013,41.1,1,41.1 %
Pobreza,Apr 2013 - Sep 2013,33.766666666666666,2,33.8 %
Corrupción,Apr 2013 - Sep 2013,28.816666666666666,3,28.8 %
Falta de empleo,Apr 2013 - Sep 2013,21.033333333333335,4,21 %
Falta de seguridad ciudadana,Apr 2013 - Sep 2013,19.65,5,19.6 %
Delincuencia,May 2013 - Oct 2013,41.25,1,41.2 %
Pobreza,May 2013 - Oct 2013,32.85,2,32.9 %
Corrupción,May 2013 - Oct 2013,28.433333333333334,3,28.4 %
Falta de empleo,May 2013 - Oct 2013,21.066666666666666,4,21.1 %
Falta de seguridad ciudadana,May 2013 - Oct 2013,18.85,5,18.9 %
Delincuencia,Jun 2013 - Nov 2013,41.233333333333334,1,41.2 %
Pobreza,Jun 2013 - Nov 2013,31.683333333333334,2,31.7 %
Corrupción,Jun 2013 - Nov 2013,29.083333333333332,3,29.1 %
Falta de empleo,Jun 2013 - Nov 2013,20.133333333333333,4,20.1 %
Falta de seguridad ciudadana,Jun 2013 - Nov 2013,19.3,5,19.3 %
Delincuencia,Jul 2013 - Dec 2013,41.333333333333336,1,41.3 %
Pobreza,Jul 2013 - Dec 2013,30.78333333333333,2,30.8 %
Corrupción,Jul 2013 - Dec 2013,28.9,3,28.9 %
Falta de seguridad ciudadana,Jul 2013 - Dec 2013,19.9,4,19.9 %
Falta de empleo,Jul 2013 - Dec 2013,19.833333333333332,5,19.8 %
Delincuencia,Aug 2013 - Jan 2014,41.833333333333336,1,41.8 %
Corrupción,Aug 2013 - Jan 2014,30,2,30 %
Pobreza,Aug 2013 - Jan 2014,29.266666666666666,3,29.3 %
Falta de seguridad ciudadana,Aug 2013 - Jan 2014,21.28333333333333,4,21.3 %
Falta de empleo,Aug 2013 - Jan 2014,19.333333333333332,5,19.3 %
Delincuencia,Sep 2013 - Feb 2014,42.5,1,42.5 %
Corrupción,Sep 2013 - Feb 2014,30.25,2,30.2 %
Pobreza,Sep 2013 - Feb 2014,29.466666666666665,3,29.5 %
Falta de seguridad ciudadana,Sep 2013 - Feb 2014,21.133333333333333,4,21.1 %
Otro,Sep 2013 - Feb 2014,18.95,5,18.9 %
Delincuencia,Oct 2013 - Mar 2014,42.6,1,42.6 %
Corrupción,Oct 2013 - Mar 2014,31.816666666666666,2,31.8 %
Pobreza,Oct 2013 - Mar 2014,28.95,3,28.9 %
Falta de seguridad ciudadana,Oct 2013 - Mar 2014,21.083333333333332,4,21.1 %
Otro,Oct 2013 - Mar 2014,17.85,5,17.9 %
Delincuencia,Nov 2013 - Apr 2014,42.4,1,42.4 %
Corrupción,Nov 2013 - Apr 2014,33.61666666666667,2,33.6 %
Pobreza,Nov 2013 - Apr 2014,27.883333333333333,3,27.9 %
Falta de seguridad ciudadana,Nov 2013 - Apr 2014,22.433333333333334,4,22.4 %
Otro,Nov 2013 - Apr 2014,18.033333333333335,5,18 %
Delincuencia,Dec 2013 - May 2014,42.38333333333333,1,42.4 %
Corrupción,Dec 2013 - May 2014,34.1,2,34.1 %
Pobreza,Dec 2013 - May 2014,26.75,3,26.8 %
Falta de seguridad ciudadana,Dec 2013 - May 2014,23.066666666666666,4,23.1 %
Otro,Dec 2013 - May 2014,18.066666666666666,5,18.1 %
Delincuencia,Jan 2014 - Jun 2014,42.16666666666667,1,42.2 %
Corrupción,Jan 2014 - Jun 2014,35.96666666666667,2,36 %
Pobreza,Jan 2014 - Jun 2014,25.7,3,25.7 %
Falta de seguridad ciudadana,Jan 2014 - Jun 2014,23.683333333333334,4,23.7 %
Otro,Jan 2014 - Jun 2014,17.683333333333334,5,17.7 %
Delincuencia,Feb 2014 - Jul 2014,41.86666666666667,1,41.9 %
Corrupción,Feb 2014 - Jul 2014,36.83333333333333,2,36.8 %
Pobreza,Feb 2014 - Jul 2014,25.03333333333333,3,25 %
Falta de seguridad ciudadana,Feb 2014 - Jul 2014,23.3,4,23.3 %
Otro,Feb 2014 - Jul 2014,17,5,17 %
Delincuencia,Mar 2014 - Aug 2014,41.333333333333336,1,41.3 %
Corrupción,Mar 2014 - Aug 2014,36.75,2,36.8 %
Falta de seguridad ciudadana,Mar 2014 - Aug 2014,24.4,3,24.4 %
Pobreza,Mar 2014 - Aug 2014,24.183333333333334,4,24.2 %
Falta de empleo,Mar 2014 - Aug 2014,16.783333333333335,5,16.8 %
Delincuencia,Apr 2014 - Sep 2014,41.88333333333333,1,41.9 %
Corrupción,Apr 2014 - Sep 2014,36.45,2,36.5 %
Falta de seguridad ciudadana,Apr 2014 - Sep 2014,25.45,3,25.4 %
Pobreza,Apr 2014 - Sep 2014,23.966666666666665,4,24 %
Falta de empleo,Apr 2014 - Sep 2014,17,5,17 %
Delincuencia,May 2014 - Oct 2014,42.38333333333333,1,42.4 %
Corrupción,May 2014 - Oct 2014,36.71666666666667,2,36.7 %
Falta de seguridad ciudadana,May 2014 - Oct 2014,24.7,3,24.7 %
Pobreza,May 2014 - Oct 2014,24.416666666666664,4,24.4 %
Falta de empleo,May 2014 - Oct 2014,17.3,5,17.3 %
Delincuencia,Jun 2014 - Nov 2014,43.45,1,43.5 %
Corrupción,Jun 2014 - Nov 2014,37.266666666666666,2,37.3 %
Falta de seguridad ciudadana,Jun 2014 - Nov 2014,24.75,3,24.8 %
Pobreza,Jun 2014 - Nov 2014,24.266666666666666,4,24.3 %
Falta de empleo,Jun 2014 - Nov 2014,17.166666666666668,5,17.2 %
Delincuencia,Jul 2014 - Dec 2014,43.083333333333336,1,43.1 %
Corrupción,Jul 2014 - Dec 2014,37,2,37 %
Falta de seguridad ciudadana,Jul 2014 - Dec 2014,24.5,3,24.5 %
Pobreza,Jul 2014 - Dec 2014,24.2,4,24.2 %
Falta de empleo,Jul 2014 - Dec 2014,16.883333333333333,5,16.9 %
Delincuencia,Aug 2014 - Jan 2015,43.43333333333334,1,43.4 %
Corrupción,Aug 2014 - Jan 2015,37.833333333333336,2,37.8 %
Falta de seguridad ciudadana,Aug 2014 - Jan 2015,24.633333333333333,3,24.6 %
Pobreza,Aug 2014 - Jan 2015,24.233333333333334,4,24.2 %
Falta de empleo,Aug 2014 - Jan 2015,16.733333333333334,5,16.7 %
Delincuencia,Sep 2014 - Feb 2015,43.13333333333333,1,43.1 %
Corrupción,Sep 2014 - Feb 2015,38.78333333333333,2,38.8 %
Falta de seguridad ciudadana,Sep 2014 - Feb 2015,24,3,24 %
Pobreza,Sep 2014 - Feb 2015,23.9,4,23.9 %
Falta de empleo,Sep 2014 - Feb 2015,16.53333333333333,5,16.5 %
Delincuencia,Oct 2014 - Mar 2015,43.31666666666667,1,43.3 %
Corrupción,Oct 2014 - Mar 2015,39.666666666666664,2,39.7 %
Falta de seguridad ciudadana,Oct 2014 - Mar 2015,23.716666666666665,3,23.7 %
Pobreza,Oct 2014 - Mar 2015,23.35,4,23.4 %
Falta de empleo,Oct 2014 - Mar 2015,16.65,5,16.6 %
Delincuencia,Nov 2014 - Apr 2015,43.016666666666666,1,43 %
Corrupción,Nov 2014 - Apr 2015,40.4,2,40.4 %
Falta de seguridad ciudadana,Nov 2014 - Apr 2015,23.583333333333332,3,23.6 %
Pobreza,Nov 2014 - Apr 2015,22.95,4,22.9 %
Falta de empleo,Nov 2014 - Apr 2015,16.383333333333333,5,16.4 %
Delincuencia,Dec 2014 - May 2015,42.56666666666666,1,42.6 %
Corrupción,Dec 2014 - May 2015,40.96666666666667,2,41 %
Pobreza,Dec 2014 - May 2015,22.766666666666666,3,22.8 %
Falta de seguridad ciudadana,Dec 2014 - May 2015,22.6,4,22.6 %
Falta de empleo,Dec 2014 - May 2015,16.233333333333334,5,16.2 %
Delincuencia,Jan 2015 - Jun 2015,44.016666666666666,1,44 %
Corrupción,Jan 2015 - Jun 2015,42.016666666666666,2,42 %
Falta de seguridad ciudadana,Jan 2015 - Jun 2015,22.866666666666667,3,22.9 %
Pobreza,Jan 2015 - Jun 2015,22.766666666666666,4,22.8 %
Falta de empleo,Jan 2015 - Jun 2015,16.28333333333333,5,16.3 %
Delincuencia,Feb 2015 - Jul 2015,44.666666666666664,1,44.7 %
Corrupción,Feb 2015 - Jul 2015,40.833333333333336,2,40.8 %
Pobreza,Feb 2015 - Jul 2015,23.083333333333332,3,23.1 %
Falta de seguridad ciudadana,Feb 2015 - Jul 2015,22.816666666666666,4,22.8 %
Falta de empleo,Feb 2015 - Jul 2015,15.9,5,15.9 %
Delincuencia,Mar 2015 - Aug 2015,46.733333333333334,1,46.7 %
Corrupción,Mar 2015 - Aug 2015,41.1,2,41.1 %
Falta de seguridad ciudadana,Mar 2015 - Aug 2015,23.2,3,23.2 %
Pobreza,Mar 2015 - Aug 2015,23.183333333333334,4,23.2 %
Falta de empleo,Mar 2015 - Aug 2015,15.733333333333334,5,15.7 %
Delincuencia,Apr 2015 - Sep 2015,47.71666666666667,1,47.7 %
Corrupción,Apr 2015 - Sep 2015,40.68333333333334,2,40.7 %
Falta de seguridad ciudadana,Apr 2015 - Sep 2015,24,3,24 %
Pobreza,Apr 2015 - Sep 2015,23.05,4,23.1 %
Falta de empleo,Apr 2015 - Sep 2015,16.333333333333332,5,16.3 %
Delincuencia,May 2015 - Oct 2015,48.81666666666666,1,48.8 %
Corrupción,May 2015 - Oct 2015,40.36666666666667,2,40.4 %
Falta de seguridad ciudadana,May 2015 - Oct 2015,24.916666666666668,3,24.9 %
Pobreza,May 2015 - Oct 2015,22.6,4,22.6 %
Falta de empleo,May 2015 - Oct 2015,16.7,5,16.7 %
Delincuencia,Jun 2015 - Nov 2015,48.666666666666664,1,48.7 %
Corrupción,Jun 2015 - Nov 2015,40.15,2,40.1 %
Falta de seguridad ciudadana,Jun 2015 - Nov 2015,25.85,3,25.9 %
Pobreza,Jun 2015 - Nov 2015,22.85,4,22.9 %
Falta de empleo,Jun 2015 - Nov 2015,17.116666666666667,5,17.1 %
Delincuencia,Jul 2015 - Dec 2015,49.15,1,49.1 %
Corrupción,Jul 2015 - Dec 2015,39.233333333333334,2,39.2 %
Falta de seguridad ciudadana,Jul 2015 - Dec 2015,26.21666666666667,3,26.2 %
Pobreza,Jul 2015 - Dec 2015,22.5,4,22.5 %
Falta de empleo,Jul 2015 - Dec 2015,17.566666666666666,5,17.6 %
Delincuencia,Aug 2015 - Jan 2016,48.7,1,48.7 %
Corrupción,Aug 2015 - Jan 2016,40.15,2,40.1 %
Falta de seguridad ciudadana,Aug 2015 - Jan 2016,26.883333333333333,3,26.9 %
Pobreza,Aug 2015 - Jan 2016,22.816666666666666,4,22.8 %
Falta de empleo,Aug 2015 - Jan 2016,18.4,5,18.4 %
Delincuencia,Sep 2015 - Feb 2016,47.56666666666666,1,47.6 %
Corrupción,Sep 2015 - Feb 2016,40.166666666666664,2,40.2 %
Falta de seguridad ciudadana,Sep 2015 - Feb 2016,27.066666666666666,3,27.1 %
Pobreza,Sep 2015 - Feb 2016,23.466666666666665,4,23.5 %
Falta de empleo,Sep 2015 - Feb 2016,19.683333333333334,5,19.7 %
Delincuencia,Oct 2015 - Mar 2016,46.56666666666666,1,46.6 %
Corrupción,Oct 2015 - Mar 2016,41.43333333333333,2,41.4 %
Falta de seguridad ciudadana,Oct 2015 - Mar 2016,26.616666666666667,3,26.6 %
Pobreza,Oct 2015 - Mar 2016,24.25,4,24.2 %
Falta de empleo,Oct 2015 - Mar 2016,19.483333333333334,5,19.5 %
Delincuencia,Nov 2015 - Apr 2016,46.1,1,46.1 %
Corrupción,Nov 2015 - Apr 2016,42,2,42 %
Falta de seguridad ciudadana,Nov 2015 - Apr 2016,27.65,3,27.6 %
Pobreza,Nov 2015 - Apr 2016,24.616666666666667,4,24.6 %
Falta de empleo,Nov 2015 - Apr 2016,19.05,5,19.1 %
Delincuencia,Dec 2015 - May 2016,47.28333333333333,1,47.3 %
Corrupción,Dec 2015 - May 2016,41.8,2,41.8 %
Falta de seguridad ciudadana,Dec 2015 - May 2016,27.53333333333333,3,27.5 %
Pobreza,Dec 2015 - May 2016,24.366666666666667,4,24.4 %
Falta de empleo,Dec 2015 - May 2016,18.983333333333334,5,19 %
Delincuencia,Jan 2016 - Jun 2016,46.766666666666666,1,46.8 %
Corrupción,Jan 2016 - Jun 2016,42.11666666666667,2,42.1 %
Falta de seguridad ciudadana,Jan 2016 - Jun 2016,27.599999999999998,3,27.6 %
Pobreza,Jan 2016 - Jun 2016,24.416666666666668,4,24.4 %
Falta de empleo,Jan 2016 - Jun 2016,18.333333333333336,5,18.3 %
Delincuencia,Feb 2016 - Jul 2016,47.733333333333334,1,47.7 %
Corrupción,Feb 2016 - Jul 2016,41.96666666666667,2,42 %
Falta de seguridad ciudadana,Feb 2016 - Jul 2016,27.266666666666666,3,27.3 %
Pobreza,Feb 2016 - Jul 2016,24.1,4,24.1 %
Falta de empleo,Feb 2016 - Jul 2016,17.683333333333334,5,17.7 %
Delincuencia,Mar 2016 - Aug 2016,49.3,1,49.3 %
Corrupción,Mar 2016 - Aug 2016,41.3,2,41.3 %
Falta de seguridad ciudadana,Mar 2016 - Aug 2016,26.966666666666665,3,27 %
Pobreza,Mar 2016 - Aug 2016,22.916666666666668,4,22.9 %
Falta de empleo,Mar 2016 - Aug 2016,16.583333333333332,5,16.6 %
Delincuencia,Apr 2016 - Sep 2016,49.93333333333334,1,49.9 %
Corrupción,Apr 2016 - Sep 2016,40.03333333333333,2,40 %
Falta de seguridad ciudadana,Apr 2016 - Sep 2016,25.916666666666664,3,25.9 %
Pobreza,Apr 2016 - Sep 2016,22.583333333333336,4,22.6 %
Falta de empleo,Apr 2016 - Sep 2016,15.633333333333333,5,15.6 %
Delincuencia,May 2016 - Oct 2016,49.983333333333334,1,50 %
Corrupción,May 2016 - Oct 2016,39.15,2,39.1 %
Falta de seguridad ciudadana,May 2016 - Oct 2016,23.816666666666666,3,23.8 %
Pobreza,May 2016 - Oct 2016,22.05,4,22.1 %
Falta de empleo,May 2016 - Oct 2016,15.533333333333333,5,15.5 %
Delincuencia,Jun 2016 - Nov 2016,49.5,1,49.5 %
Corrupción,Jun 2016 - Nov 2016,39.9,2,39.9 %
Falta de seguridad ciudadana,Jun 2016 - Nov 2016,22.983333333333334,3,23 %
Pobreza,Jun 2016 - Nov 2016,21.85,4,21.9 %
Falta de empleo,Jun 2016 - Nov 2016,14.9,5,14.9 %
Delincuencia,Jul 2016 - Dec 2016,50.03333333333333,1,50 %
Corrupción,Jul 2016 - Dec 2016,39.983333333333334,2,40 %
Falta de seguridad ciudadana,Jul 2016 - Dec 2016,21.8,3,21.8 %
Pobreza,Jul 2016 - Dec 2016,21.3,4,21.3 %
Otro,Jul 2016 - Dec 2016,15.149999999999999,5,15.1 %
Delincuencia,Aug 2016 - Jan 2017,49.266666666666666,1,49.3 %
Corrupción,Aug 2016 - Jan 2017,40.81666666666666,2,40.8 %
Falta de seguridad ciudadana,Aug 2016 - Jan 2017,20.666666666666668,3,20.7 %
Pobreza,Aug 2016 - Jan 2017,20.4,4,20.4 %
Otro,Aug 2016 - Jan 2017,15.033333333333333,5,15 %
Delincuencia,Sep 2016 - Feb 2017,47.65,1,47.6 %
Corrupción,Sep 2016 - Feb 2017,43.63333333333333,2,43.6 %
Pobreza,Sep 2016 - Feb 2017,20.116666666666667,3,20.1 %
Falta de seguridad ciudadana,Sep 2016 - Feb 2017,19.75,4,19.8 %
Otro,Sep 2016 - Feb 2017,15.633333333333333,5,15.6 %
Delincuencia,Oct 2016 - Mar 2017,46.65,1,46.6 %
Corrupción,Oct 2016 - Mar 2017,45.96666666666667,2,46 %
Pobreza,Oct 2016 - Mar 2017,19.383333333333333,3,19.4 %
Falta de seguridad ciudadana,Oct 2016 - Mar 2017,19.25,4,19.2 %
Otro,Oct 2016 - Mar 2017,15.933333333333334,5,15.9 %
Corrupción,Nov 2016 - Apr 2017,47.78333333333333,1,47.8 %
Delincuencia,Nov 2016 - Apr 2017,46.16666666666667,2,46.2 %
Pobreza,Nov 2016 - Apr 2017,19.8,3,19.8 %
Falta de seguridad ciudadana,Nov 2016 - Apr 2017,19.1,4,19.1 %
Otro,Nov 2016 - Apr 2017,16.066666666666666,5,16.1 %
Corrupción,Dec 2016 - May 2017,48.43333333333334,1,48.4 %
Delincuencia,Dec 2016 - May 2017,45.9,2,45.9 %
Pobreza,Dec 2016 - May 2017,19.916666666666668,3,19.9 %
Falta de seguridad ciudadana,Dec 2016 - May 2017,18.6,4,18.6 %
Otro,Dec 2016 - May 2017,16.266666666666666,5,16.3 %
Corrupción,Jan 2017 - Jun 2017,49.55,1,49.5 %
Delincuencia,Jan 2017 - Jun 2017,44.78333333333333,2,44.8 %
Pobreza,Jan 2017 - Jun 2017,20.333333333333332,3,20.3 %
Falta de seguridad ciudadana,Jan 2017 - Jun 2017,18.566666666666666,4,18.6 %
Otro,Jan 2017 - Jun 2017,15.783333333333333,5,15.8 %
Corrupción,Feb 2017 - Jul 2017,49.75,1,49.8 %
Delincuencia,Feb 2017 - Jul 2017,44.61666666666667,2,44.6 %
Pobreza,Feb 2017 - Jul 2017,20.116666666666667,3,20.1 %
Falta de seguridad ciudadana,Feb 2017 - Jul 2017,18.03333333333333,4,18 %
Otro,Feb 2017 - Jul 2017,16.78333333333333,5,16.8 %
Corrupción,Mar 2017 - Aug 2017,48.28333333333333,1,48.3 %
Delincuencia,Mar 2017 - Aug 2017,43.85,2,43.9 %
Pobreza,Mar 2017 - Aug 2017,20.316666666666666,3,20.3 %
Falta de seguridad ciudadana,Mar 2017 - Aug 2017,17.616666666666667,4,17.6 %
Otro,Mar 2017 - Aug 2017,16.383333333333333,5,16.4 %
Corrupción,Apr 2017 - Sep 2017,47.05,1,47 %
Delincuencia,Apr 2017 - Sep 2017,43.56666666666666,2,43.6 %
Pobreza,Apr 2017 - Sep 2017,20.066666666666666,3,20.1 %
Falta de seguridad ciudadana,Apr 2017 - Sep 2017,17.45,4,17.4 %
Otro,Apr 2017 - Sep 2017,15.75,5,15.8 %
Corrupción,May 2017 - Oct 2017,46.88333333333333,1,46.9 %
Delincuencia,May 2017 - Oct 2017,44.03333333333333,2,44 %
Pobreza,May 2017 - Oct 2017,20,3,20 %
Falta de seguridad ciudadana,May 2017 - Oct 2017,17.1,4,17.1 %
Otro,May 2017 - Oct 2017,14.733333333333333,5,14.7 %
Corrupción,Jun 2017 - Nov 2017,47.06666666666667,1,47.1 %
Delincuencia,Jun 2017 - Nov 2017,44.21666666666667,2,44.2 %
Pobreza,Jun 2017 - Nov 2017,19.816666666666666,3,19.8 %
Falta de seguridad ciudadana,Jun 2017 - Nov 2017,16.8,4,16.8 %
Otro,Jun 2017 - Nov 2017,14.85,5,14.8 %
Corrupción,Jul 2017 - Dec 2017,47.9,1,47.9 %
Delincuencia,Jul 2017 - Dec 2017,44.05,2,44 %
Pobreza,Jul 2017 - Dec 2017,19.55,3,19.6 %
Falta de seguridad ciudadana,Jul 2017 - Dec 2017,16.066666666666666,4,16.1 %
Otro,Jul 2017 - Dec 2017,15.549999999999999,5,15.5 %
Corrupción,Aug 2017 - Jan 2018,48.5,1,48.5 %
Delincuencia,Aug 2017 - Jan 2018,43.56666666666666,2,43.6 %
Pobreza,Aug 2017 - Jan 2018,20.35,3,20.4 %
Falta de seguridad ciudadana,Aug 2017 - Jan 2018,15.516666666666667,4,15.5 %
Otro,Aug 2017 - Jan 2018,15.116666666666667,5,15.1 %
Corrupción,Sep 2017 - Feb 2018,50.11666666666667,1,50.1 %
Delincuencia,Sep 2017 - Feb 2018,43.96666666666667,2,44 %
Pobreza,Sep 2017 - Feb 2018,20.383333333333333,3,20.4 %
Falta de seguridad ciudadana,Sep 2017 - Feb 2018,16.083333333333332,4,16.1 %
Otro,Sep 2017 - Feb 2018,15.533333333333333,5,15.5 %
Corrupción,Oct 2017 - Mar 2018,51.86666666666667,1,51.9 %
Delincuencia,Oct 2017 - Mar 2018,43.93333333333334,2,43.9 %
Pobreza,Oct 2017 - Mar 2018,20.633333333333333,3,20.6 %
Otro,Oct 2017 - Mar 2018,16.03333333333333,4,16 %
Falta de seguridad ciudadana,Oct 2017 - Mar 2018,15.533333333333333,5,15.5 %
Corrupción,Nov 2017 - Apr 2018,53.333333333333336,1,53.3 %
Delincuencia,Nov 2017 - Apr 2018,43.06666666666667,2,43.1 %
Pobreza,Nov 2017 - Apr 2018,20.283333333333335,3,20.3 %
Otro,Nov 2017 - Apr 2018,17.05,4,17.1 %
Falta de seguridad ciudadana,Nov 2017 - Apr 2018,16.15,5,16.1 %
Corrupción,Dec 2017 - May 2018,54.46666666666667,1,54.5 %
Delincuencia,Dec 2017 - May 2018,42.35,2,42.4 %
Pobreza,Dec 2017 - May 2018,21.283333333333335,3,21.3 %
Otro,Dec 2017 - May 2018,17.3,4,17.3 %
Falta de seguridad ciudadana,Dec 2017 - May 2018,16.333333333333332,5,16.3 %
Corrupción,Jan 2018 - Jun 2018,55.15,1,55.1 %
Delincuencia,Jan 2018 - Jun 2018,41.3,2,41.3 %
Pobreza,Jan 2018 - Jun 2018,21.783333333333335,3,21.8 %
Otro,Jan 2018 - Jun 2018,17.566666666666666,4,17.6 %
Falta de seguridad ciudadana,Jan 2018 - Jun 2018,16.78333333333333,5,16.8 %
Corrupción,Feb 2018 - Jul 2018,56.233333333333334,1,56.2 %
Delincuencia,Feb 2018 - Jul 2018,41.85,2,41.9 %
Pobreza,Feb 2018 - Jul 2018,22.016666666666666,3,22 %
Otro,Feb 2018 - Jul 2018,18.2,4,18.2 %
Falta de seguridad ciudadana,Feb 2018 - Jul 2018,17.016666666666666,5,17 %
Corrupción,Mar 2018 - Aug 2018,58.61666666666667,1,58.6 %
Delincuencia,Mar 2018 - Aug 2018,41.18333333333334,2,41.2 %
Pobreza,Mar 2018 - Aug 2018,21.6,3,21.6 %
Otro,Mar 2018 - Aug 2018,18.383333333333333,4,18.4 %
Falta de seguridad ciudadana,Mar 2018 - Aug 2018,16.1,5,16.1 %
Corrupción,Apr 2018 - Sep 2018,60.15,1,60.1 %
Delincuencia,Apr 2018 - Sep 2018,40.833333333333336,2,40.8 %
Pobreza,Apr 2018 - Sep 2018,21.616666666666667,3,21.6 %
Otro,Apr 2018 - Sep 2018,18.3,4,18.3 %
Falta de seguridad ciudadana,Apr 2018 - Sep 2018,16.28333333333333,5,16.3 %
Corrupción,May 2018 - Oct 2018,61.11666666666667,1,61.1 %
Delincuencia,May 2018 - Oct 2018,40.63333333333333,2,40.6 %
Pobreza,May 2018 - Oct 2018,21.75,3,21.8 %
Otro,May 2018 - Oct 2018,18.233333333333334,4,18.2 %
Falta de seguridad ciudadana,May 2018 - Oct 2018,16.21666666666667,5,16.2 %
Corrupción,Jun 2018 - Nov 2018,63.266666666666666,1,63.3 %
Delincuencia,Jun 2018 - Nov 2018,38.71666666666667,2,38.7 %
Pobreza,Jun 2018 - Nov 2018,20.883333333333333,3,20.9 %
Otro,Jun 2018 - Nov 2018,17.9,4,17.9 %
Falta de seguridad ciudadana,Jun 2018 - Nov 2018,16.6,5,16.6 %
Corrupción,Jul 2018 - Dec 2018,64.51666666666667,1,64.5 %
Delincuencia,Jul 2018 - Dec 2018,39.63333333333333,2,39.6 %
Pobreza,Jul 2018 - Dec 2018,20.166666666666668,3,20.2 %
Otro,Jul 2018 - Dec 2018,17.183333333333334,4,17.2 %
Falta de seguridad ciudadana,Jul 2018 - Dec 2018,15.966666666666667,5,16 %
